City_ID,City,Country,Date,Lat,Lng,Max Temp,Humidity,Cloudiness,Wind Speed
0,Sao Joao Da Barra,BR,2022-04-27 21:00:39,-21.6403,-41.0511,76.69,86,13,10.56
1,Salalah,OM,2022-04-27 21:00:48,17.0151,54.0924,80.69,81,22,3.47
2,Jamestown,US,2022-04-27 21:00:48,42.097,-79.2353,32.02,63,100,12.66
3,Saint-Pierre,RE,2022-04-27 21:00:49,-21.3393,55.4781,73.08,71,0,8.05
4,Waingapu,ID,2022-04-27 21:00:49,-9.6567,120.2641,74.32,82,99,3.94
5,Cedar City,US,2022-04-27 21:00:19,37.6775,-113.0619,70.39,14,1,15.3
6,Torbay,CA,2022-04-27 21:00:50,47.6666,-52.7314,45.28,86,100,1.99
7,Busselton,AU,2022-04-27 21:00:50,-33.65,115.3333,60.89,79,77,15.43
8,Barrow,US,2022-04-27 21:00:50,71.2906,-156.7887,6.82,78,100,14.97
9,Clyde River,CA,2022-04-27 21:00:51,70.4692,-68.5914,13.17,88,100,4.7
10,Hovd,MN,2022-04-27 21:00:51,48.0056,91.6419,35.82,70,100,1.34
11,Hasaki,JP,2022-04-27 21:00:52,35.7333,140.8333,59.4,51,100,23.51
12,Norman Wells,CA,2022-04-27 21:00:52,65.282,-126.8329,35.67,80,100,7.63
13,Pevek,RU,2022-04-27 21:00:52,69.7008,170.3133,33.8,75,100,17.27
14,Kaeo,NZ,2022-04-27 21:00:53,-35.1,173.7833,57.33,92,62,3.87
15,Longyearbyen,SJ,2022-04-27 21:00:53,78.2186,15.6401,3.04,47,20,16.11
16,Sisimiut,GL,2022-04-27 21:00:54,66.9395,-53.6735,30.51,97,100,14.58
17,Lebu,CL,2022-04-27 21:00:55,-37.6167,-73.65,53.87,64,30,8.99
18,Murchison,NZ,2022-04-27 21:00:55,-41.8,172.3333,53.71,84,85,0.36
19,Mataura,NZ,2022-04-27 21:00:55,-46.1927,168.8643,51.48,95,39,1.88
20,Flinders,AU,2022-04-27 21:00:56,-34.5833,150.8552,65.37,92,35,7.0
21,Betul,IN,2022-04-27 21:00:05,21.9153,77.8961,85.75,15,42,4.36
22,Punta Arenas,CL,2022-04-27 20:59:07,-53.15,-70.9167,41.11,45,20,18.41
23,Lagoa,PT,2022-04-27 21:00:56,39.05,-27.9833,62.19,91,100,31.83
24,Guerrero Negro,MX,2022-04-27 20:59:17,27.9769,-114.0611,70.39,52,0,17.85
25,Albany,US,2022-04-27 21:00:26,42.6001,-73.9662,47.88,45,72,1.99
26,Chapais,CA,2022-04-27 21:00:57,49.7834,-74.8492,29.98,71,99,12.84
27,Selikhino,RU,2022-04-27 21:00:58,50.3672,137.4996,30.31,83,100,4.12
28,Avarua,CK,2022-04-27 21:00:58,-21.2078,-159.775,82.45,83,75,9.22
29,Poum,NC,2022-04-27 21:00:59,-20.2333,164.0167,76.96,71,100,17.2
30,Hermanus,ZA,2022-04-27 21:00:59,-34.4187,19.2345,60.26,65,0,6.13
31,Cabo San Lucas,MX,2022-04-27 20:56:09,22.8909,-109.9124,89.62,43,0,13.0
32,Chake Chake,TZ,2022-04-27 21:01:00,-5.2459,39.7666,79.43,80,95,9.04
33,Kapaa,US,2022-04-27 21:01:00,22.0752,-159.319,80.58,76,88,5.01
34,Zephyrhills,US,2022-04-27 21:00:07,28.2336,-82.1812,89.78,42,75,13.04
35,Butaritari,KI,2022-04-27 21:01:01,3.0707,172.7902,81.21,81,21,16.71
36,Kingston,JM,2022-04-27 20:56:57,17.997,-76.7936,81.55,82,20,19.57
37,Alice Springs,AU,2022-04-27 21:01:01,-23.7,133.8833,71.15,37,4,8.05
38,San Carlos,VE,2022-04-27 21:01:02,9.6612,-68.5827,82.62,70,100,2.42
39,Ushuaia,AR,2022-04-27 21:01:02,-54.8,-68.3,33.04,83,100,11.88
40,Castrolibero,IT,2022-04-27 21:01:03,39.3081,16.1944,59.38,63,7,3.8
41,Bambous Virieux,MU,2022-04-27 21:01:03,-20.3428,57.7575,73.22,80,22,4.18
42,Cape Town,ZA,2022-04-27 21:01:04,-33.9258,18.4232,59.92,84,4,8.99
43,Tanabi,BR,2022-04-27 20:59:31,-20.6264,-49.6492,88.02,46,60,6.38
44,Quelimane,MZ,2022-04-27 21:01:04,-17.8786,36.8883,74.17,72,98,8.25
45,East London,ZA,2022-04-27 21:01:05,-33.0153,27.9116,61.88,80,0,13.29
46,Batagay,RU,2022-04-27 21:02:05,67.6333,134.6333,11.5,94,100,3.56
47,Kudat,MY,2022-04-27 21:02:06,6.8837,116.8477,75.2,95,100,7.31
48,Pisco,PE,2022-04-27 21:02:06,-13.7,-76.2167,66.02,89,37,4.56
49,Tuktoyaktuk,CA,2022-04-27 21:02:06,69.4541,-133.0374,16.29,86,100,7.25
50,Kodiak,US,2022-04-27 21:02:07,57.79,-152.4072,42.31,81,100,8.05
51,Hobart,AU,2022-04-27 21:00:07,-42.8794,147.3294,57.27,96,75,3.44
52,Agucadoura,PT,2022-04-27 21:02:07,41.4318,-8.7804,58.24,90,25,4.32
53,Grants,US,2022-04-27 21:02:08,35.1473,-107.8514,79.03,7,0,23.02
54,Gat,IL,2022-04-27 21:00:04,31.61,34.7642,72.39,100,2,4.38
55,Brae,GB,2022-04-27 21:02:08,60.3964,-1.353,44.26,66,98,8.41
56,Tiksi,RU,2022-04-27 21:02:09,71.6872,128.8694,0.09,100,100,3.04
57,Choix,MX,2022-04-27 21:02:09,26.7092,-108.3219,97.57,9,0,9.82
58,Laguna,US,2022-04-27 21:02:09,38.421,-121.4238,75.31,41,0,10.36
59,Port Elizabeth,ZA,2022-04-27 21:02:10,-33.918,25.5701,60.31,94,0,1.99
60,Fortuna,US,2022-04-27 21:02:10,40.5982,-124.1573,58.93,66,20,14.97
61,Castro,BR,2022-04-27 21:00:02,-24.7911,-50.0119,67.66,77,5,4.56
62,Saint George,US,2022-04-27 21:02:11,37.1041,-113.5841,85.78,11,0,9.22
63,Qaanaaq,GL,2022-04-27 21:02:12,77.484,-69.3632,18.68,77,12,5.77
64,Narrabri,AU,2022-04-27 21:02:12,-30.3167,149.7833,63.52,93,82,1.99
65,Lasa,IT,2022-04-27 21:02:13,46.6166,10.7002,47.35,77,3,1.79
66,Faanui,PF,2022-04-27 21:02:13,-16.4833,-151.75,80.87,76,13,21.9
67,Yellowknife,CA,2022-04-27 21:00:59,62.456,-114.3525,50.56,39,54,11.01
68,Taua,BR,2022-04-27 21:02:14,-5.9667,-40.3,78.57,50,97,7.56
69,Alyangula,AU,2022-04-27 21:02:14,-13.8483,136.4192,79.74,78,38,3.69
70,Gizo,SB,2022-04-27 21:02:14,-8.103,156.8419,83.12,73,100,6.55
71,Ancud,CL,2022-04-27 21:02:00,-41.8697,-73.8203,48.58,67,20,16.49
72,Sao Filipe,CV,2022-04-27 21:02:15,14.8961,-24.4956,72.16,72,3,13.15
73,Te Anau,NZ,2022-04-27 21:02:15,-45.4167,167.7167,44.87,91,43,0.69
74,Thompson,CA,2022-04-27 21:02:16,55.7435,-97.8558,44.28,50,12,9.51
75,Olafsvik,IS,2022-04-27 20:57:22,64.8945,-23.7142,43.34,71,67,1.61
76,Esperance,AU,2022-04-27 21:02:16,-33.8667,121.9,58.84,81,100,16.53
77,Carnarvon,AU,2022-04-27 21:02:17,-24.8667,113.6333,69.55,56,3,11.03
78,Mar Del Plata,AR,2022-04-27 21:02:17,-38.0023,-57.5575,62.87,47,0,7.0
79,Atuona,PF,2022-04-27 21:02:17,-9.8,-139.0333,78.64,77,27,20.76
80,Ketchikan,US,2022-04-27 21:02:18,55.3422,-131.6461,47.43,72,97,5.95
81,Bluff,NZ,2022-04-27 21:02:18,-46.6,168.3333,51.8,79,92,6.67
82,Cidreira,BR,2022-04-27 21:02:19,-30.1811,-50.2056,76.37,79,6,9.46
83,Akdepe,TM,2022-04-27 21:02:19,42.0551,59.3788,73.72,19,100,14.05
84,Porto Novo,BJ,2022-04-27 21:02:19,6.4965,2.6036,78.96,86,99,8.14
85,Havoysund,NO,2022-04-27 21:02:20,70.9963,24.6622,25.03,60,100,30.87
86,Wajima,JP,2022-04-27 21:02:20,37.4,136.9,50.13,73,9,12.84
87,Muros,ES,2022-04-27 21:02:20,42.7762,-9.0603,56.08,86,1,2.37
88,Vaxjo,SE,2022-04-27 21:02:21,56.8777,14.8091,37.45,96,75,4.61
89,Harper,LR,2022-04-27 21:02:21,4.375,-7.7169,80.42,83,100,5.55
90,Hofn,IS,2022-04-27 21:02:22,64.2539,-15.2082,41.61,83,100,5.68
91,Bontang,ID,2022-04-27 21:02:22,0.1333,117.5,77.04,91,100,2.89
92,Wajir,KE,2022-04-27 21:03:22,1.7471,40.0573,81.27,70,100,6.42
93,Saint-Georges,GD,2022-04-27 20:59:09,12.0564,-61.7485,80.28,83,75,8.05
94,Rieti,IT,2022-04-27 21:03:23,42.4072,12.8592,58.03,87,3,5.53
95,Evensk,RU,2022-04-27 21:03:23,61.95,159.2333,33.84,88,100,16.58
96,Atherton,GB,2022-04-27 21:03:24,53.5237,-2.4935,48.29,67,87,1.99
97,Tautira,PF,2022-04-27 21:03:24,-17.7333,-149.15,80.76,75,59,21.97
98,Mahebourg,MU,2022-04-27 21:03:25,-20.4081,57.7,73.26,80,27,4.52
99,Hilo,US,2022-04-27 21:03:25,19.7297,-155.09,84.27,97,100,8.01
100,Khatanga,RU,2022-04-27 21:03:26,71.9667,102.5,16.2,85,100,11.97
101,Lavrentiya,RU,2022-04-27 21:03:26,65.5833,-171.0,23.92,82,37,2.28
102,Izhmorskiy,RU,2022-04-27 21:03:26,56.194,86.6414,40.46,68,74,7.25
103,Yulara,AU,2022-04-27 21:03:27,-25.2406,130.9889,72.21,42,100,5.64
104,Isangel,VU,2022-04-27 21:03:27,-19.55,169.2667,77.07,77,100,14.54
105,Flin Flon,CA,2022-04-27 21:03:27,54.7682,-101.865,43.39,58,27,12.88
106,Wairoa,NZ,2022-04-27 21:00:43,-39.0333,177.3667,52.56,99,94,1.99
107,Espinosa,BR,2022-04-27 21:03:28,-14.9261,-42.8192,75.72,63,46,6.91
108,Zhifang,CN,2022-04-27 21:03:28,30.35,114.3167,66.97,81,28,8.99
109,Dakoro,NE,2022-04-27 21:03:29,14.5106,6.765,88.23,12,29,8.12
110,Port Lincoln,AU,2022-04-27 21:03:29,-34.7333,135.8667,69.24,51,100,9.57
111,Georgetown,MY,2022-04-27 21:00:17,5.4112,100.3354,84.13,89,20,0.0
112,Bredasdorp,ZA,2022-04-27 21:03:30,-34.5322,20.0403,55.92,90,0,0.31
113,Taoudenni,ML,2022-04-27 21:03:30,22.6783,-3.9836,85.08,12,0,7.05
114,Dawlatabad,AF,2022-04-27 21:03:30,36.4141,64.9053,76.73,33,99,4.72
115,Fare,PF,2022-04-27 21:03:31,-16.7,-151.0167,80.78,76,17,22.21
116,Hokitika,NZ,2022-04-27 21:03:31,-42.7167,170.9667,58.14,76,100,5.48
117,Tignere,CM,2022-04-27 21:03:32,7.3667,12.65,65.05,95,100,5.55
118,Ribeira Grande,PT,2022-04-27 21:03:32,38.5167,-28.7,64.2,90,89,31.63
119,Rikitea,PF,2022-04-27 21:03:32,-23.1203,-134.9692,76.91,74,16,24.61
120,Portland,US,2022-04-27 21:00:05,45.5234,-122.6762,59.25,60,100,5.99
121,Srednekolymsk,RU,2022-04-27 21:03:34,67.45,153.6833,16.95,92,100,3.67
122,Manuk Mangkaw,PH,2022-04-27 21:03:34,4.8,119.85,79.81,80,100,6.33
123,Male,MV,2022-04-27 21:03:35,4.1748,73.5089,83.89,71,99,4.65
124,Hirara,JP,2022-04-27 21:03:35,24.8,125.2833,79.03,85,2,13.27
125,Kavaratti,IN,2022-04-27 21:03:35,10.5669,72.642,84.38,78,36,5.66
126,Arraial Do Cabo,BR,2022-04-27 20:58:42,-22.9661,-42.0278,80.56,74,0,13.8
127,Puerto Ayora,EC,2022-04-27 21:03:36,-0.7393,-90.3518,76.48,78,33,8.14
128,Shubarkuduk,KZ,2022-04-27 21:03:36,49.1447,56.4872,58.53,52,100,11.12
129,Tasiilaq,GL,2022-04-27 21:03:37,65.6145,-37.6368,33.96,81,99,5.68
130,Faya,SA,2022-04-27 21:03:37,18.3851,42.4509,66.33,55,0,2.95
131,Beloha,MG,2022-04-27 21:03:37,-25.1667,45.05,65.89,69,17,6.55
132,East Hemet,US,2022-04-27 21:03:38,33.74,-116.9389,81.48,32,2,7.0
133,Sayyan,YE,2022-04-27 21:03:38,15.1718,44.3244,64.22,45,41,1.83
134,Southbridge,US,2022-04-27 21:03:38,42.0751,-72.0334,53.8,50,97,5.99
135,Sobolevo,RU,2022-04-27 21:03:39,54.4299,31.8996,39.69,72,96,5.88
136,Zhigansk,RU,2022-04-27 21:04:39,66.7697,123.3711,7.7,97,35,8.37
137,Elizabeth City,US,2022-04-27 21:04:40,36.2946,-76.2511,70.0,39,20,8.05
138,Dikson,RU,2022-04-27 21:04:40,73.5069,80.5464,31.53,98,100,23.2
139,Wattegama,LK,2022-04-27 21:04:40,6.7989,81.4808,76.95,86,11,2.51
140,Bintulu,MY,2022-04-27 21:04:41,3.1667,113.0333,75.69,87,100,3.67
141,Praia,CV,2022-04-27 21:04:41,14.9215,-23.5087,70.34,73,40,18.41
142,Talnakh,RU,2022-04-27 21:04:41,69.4865,88.3972,28.44,95,100,20.98
143,Chuy,UY,2022-04-27 21:04:42,-33.6971,-53.4616,61.75,86,92,5.97
144,Westport,US,2022-04-27 21:00:31,41.1415,-73.3579,55.33,43,97,11.01
145,Maua,BR,2022-04-27 21:02:27,-23.6678,-46.4614,80.37,59,1,1.74
146,Limon,CR,2022-04-27 21:00:13,10.0,-83.0333,80.37,80,100,5.57
147,Vaini,TO,2022-04-27 21:04:42,-21.2,-175.2,78.96,53,20,9.22
148,New Norfolk,AU,2022-04-27 21:04:43,-42.7826,147.0587,56.91,88,100,1.68
149,Port Alfred,ZA,2022-04-27 21:04:43,-33.5906,26.891,58.17,90,0,12.19
150,Huambo,AO,2022-04-27 21:04:43,-12.7761,15.7392,63.68,67,100,1.79
151,Itacare,BR,2022-04-27 21:04:44,-14.2775,-38.9967,76.26,87,22,6.4
152,Karasjok,NO,2022-04-27 21:04:44,69.4719,25.5112,21.15,93,100,10.98
153,Saskylakh,RU,2022-04-27 21:04:45,71.9167,114.0833,-2.52,100,95,3.18
154,Alofi,NU,2022-04-27 21:04:45,-19.0595,-169.9187,78.69,78,75,16.11
155,Warrington,GB,2022-04-27 21:04:45,53.3925,-2.5802,48.87,67,0,10.36
156,Karakol,KG,2022-04-27 21:04:46,42.4907,78.3936,39.9,91,100,3.36
157,Arenapolis,BR,2022-04-27 21:00:11,-14.4503,-56.8461,82.6,51,19,4.12
158,Iqaluit,CA,2022-04-27 21:00:17,63.7506,-68.5145,14.7,66,100,20.0
159,Cimarron Hills,US,2022-04-27 21:04:00,38.8586,-104.6989,73.22,21,75,21.85
160,Hamilton,US,2022-04-27 21:04:46,39.1834,-84.5333,64.44,41,0,17.27
161,Calama,CL,2022-04-27 21:00:19,-22.4667,-68.9333,67.5,8,100,9.64
162,Goderich,CA,2022-04-27 21:04:47,43.7501,-81.7165,32.92,65,100,19.66
163,Dalbandin,PK,2022-04-27 21:04:47,28.8947,64.4101,83.14,15,51,4.45
164,Sijunjung,ID,2022-04-27 21:04:48,-0.6876,100.9537,72.75,97,91,1.97
165,Boulder,US,2022-04-27 21:02:22,40.0833,-105.3505,69.66,27,40,19.57
166,Innoshima,JP,2022-04-27 21:04:48,34.2833,133.1833,58.19,71,99,12.28
167,Ingham,US,2022-04-27 21:04:49,42.6,-84.3833,49.01,54,40,8.05
168,Cockburn Town,TC,2022-04-27 21:04:49,21.4612,-71.1419,75.24,60,0,13.69
169,Buala,SB,2022-04-27 21:04:49,-8.145,159.5921,82.35,79,83,5.86
170,Novosheshminsk,RU,2022-04-27 21:04:50,55.0651,51.2338,55.98,90,99,8.84
171,Shenjiamen,CN,2022-04-27 21:04:50,29.9576,122.298,57.51,85,100,4.03
172,Sabang,ID,2022-04-27 21:04:50,5.8933,95.3214,82.9,76,50,5.14
173,Melfort,CA,2022-04-27 21:04:51,52.8667,-104.6177,36.64,85,52,14.94
174,Aykhal,RU,2022-04-27 21:04:51,66.0,111.5,8.53,97,100,5.79
175,Vrangel,RU,2022-04-27 21:04:51,42.7297,133.0839,42.93,56,24,5.32
176,Nouadhibou,MR,2022-04-27 21:04:52,20.931,-17.0347,65.39,83,0,25.61
177,Kaitangata,NZ,2022-04-27 21:04:52,-46.2817,169.8464,46.22,88,21,5.95
178,Komsomolskiy,UZ,2022-04-27 21:04:53,40.4272,71.7189,57.92,82,0,3.71
179,Trelew,AR,2022-04-27 21:04:53,-43.249,-65.3051,47.93,34,100,13.85
180,Mananjary,MG,2022-04-27 21:04:53,-21.2167,48.3333,74.8,81,60,17.76
181,Ponta Do Sol,PT,2022-04-27 21:04:54,32.6667,-17.1,63.72,78,10,1.52
182,Deputatskiy,RU,2022-04-27 21:04:54,69.3,139.9,6.8,95,100,1.45
183,Okha,RU,2022-04-27 21:05:54,53.5739,142.9478,26.65,91,100,30.2
184,Nanortalik,GL,2022-04-27 21:05:55,60.1432,-45.2371,39.85,85,100,8.39
185,Kavieng,PG,2022-04-27 21:05:55,-2.5744,150.7967,83.77,72,30,13.98
186,Padang,ID,2022-04-27 21:05:55,-0.9492,100.3543,78.55,88,97,3.15
187,Severo-Kurilsk,RU,2022-04-27 21:05:56,50.6789,156.125,35.89,82,26,17.11
188,Changying,CN,2022-04-27 21:05:56,52.8733,123.3213,27.43,48,46,4.56
189,The Valley,AI,2022-04-27 21:05:57,18.217,-63.0578,78.1,61,43,13.0
190,Vila Franca Do Campo,PT,2022-04-27 21:05:57,37.7167,-25.4333,63.01,93,100,17.13
191,Paamiut,GL,2022-04-27 21:03:15,61.994,-49.6678,34.72,98,100,20.49
192,Lora Del Rio,ES,2022-04-27 21:05:58,37.659,-5.5275,62.74,76,89,3.6
193,Cabadiangan,PH,2022-04-27 21:05:58,9.7531,122.4739,78.87,86,100,3.85
194,Adre,TD,2022-04-27 21:05:58,13.4667,22.2,85.39,31,61,5.37
195,Yelnya,RU,2022-04-27 21:05:59,54.5786,33.1837,36.95,75,90,4.9
196,Bowling Green,US,2022-04-27 21:05:59,36.9903,-86.4436,71.53,23,0,0.0
197,Saint-Philippe,RE,2022-04-27 21:05:59,-21.3585,55.7679,72.99,78,44,2.06
198,Casa Nova,BR,2022-04-27 21:06:00,-9.4167,-41.1333,84.69,50,67,18.84
199,Nurota,UZ,2022-04-27 21:06:00,40.5614,65.6886,60.98,48,99,11.34
200,Leningradskiy,RU,2022-04-27 21:06:00,69.3833,178.4167,23.18,89,100,11.1
201,Nicoya,CR,2022-04-27 21:06:01,10.1483,-85.452,87.28,60,100,2.24
202,Surenavan,AM,2022-04-27 21:06:02,39.75,44.8,64.36,56,98,2.33
203,Conceicao Do Araguaia,BR,2022-04-27 21:06:02,-8.2578,-49.2647,81.7,65,100,1.92
204,Tezu,IN,2022-04-27 21:06:03,27.9167,96.1667,68.92,67,73,4.09
205,Indianola,US,2022-04-27 21:06:03,41.3581,-93.5574,75.06,35,96,11.18
206,Port Blair,IN,2022-04-27 21:06:03,11.6667,92.75,83.08,80,99,3.18
207,Saint-Augustin,CA,2022-04-27 21:06:04,51.226,-58.6502,34.47,100,100,4.23
208,Sorland,NO,2022-04-27 21:06:04,67.667,12.6934,35.65,67,100,17.94
209,Ailigandi,PA,2022-04-27 21:06:05,9.2333,-78.0167,79.38,87,100,6.98
210,Vila Velha,BR,2022-04-27 21:06:05,-20.3297,-40.2925,80.55,82,0,8.05
211,Broken Hill,AU,2022-04-27 21:06:06,-31.95,141.4333,61.72,79,89,5.79
212,Okhotsk,RU,2022-04-27 21:06:06,59.3833,143.3,24.78,68,100,16.6
213,Hithadhoo,MV,2022-04-27 21:06:06,-0.6,73.0833,83.68,74,100,6.67
214,Meulaboh,ID,2022-04-27 21:06:07,4.1363,96.1285,77.72,90,85,3.33
215,Yashkul,RU,2022-04-27 21:06:08,46.1711,45.3435,63.23,53,82,9.62
216,Upernavik,GL,2022-04-27 21:06:08,72.7868,-56.1549,34.2,82,100,5.44
217,Inhambane,MZ,2022-04-27 21:06:08,-23.865,35.3833,68.95,73,15,8.81
218,Mareeba,AU,2022-04-27 21:06:09,-17.0,145.4333,72.32,91,27,1.61
219,Koshurnikovo,RU,2022-04-27 21:06:09,54.1667,93.3,27.19,96,73,2.86
220,Kruisfontein,ZA,2022-04-27 21:06:10,-34.0033,24.7314,54.88,49,2,5.39
221,Batabano,CU,2022-04-27 21:06:10,22.7164,-82.2881,83.01,50,74,1.39
222,Cherskiy,RU,2022-04-27 21:06:11,68.75,161.3,29.28,86,100,3.42
223,Oranjemund,NA,2022-04-27 21:06:11,-28.55,16.4333,59.99,68,0,5.55
224,Vytegra,RU,2022-04-27 21:06:11,61.0064,36.4481,21.42,96,56,0.56
225,Sandy Bay,AU,2022-04-27 21:06:12,-42.913,147.3532,57.31,96,75,3.44
226,Kenai,US,2022-04-27 21:07:12,60.5544,-151.2583,57.02,40,0,6.91
227,Kathu,TH,2022-04-27 21:07:13,7.9178,98.3332,89.69,90,48,3.24
228,Istria,RO,2022-04-27 21:07:13,44.5667,28.7167,49.15,82,17,4.81
229,Naze,JP,2022-04-27 21:07:13,28.3667,129.4833,70.72,89,97,7.27
230,Palghar,IN,2022-04-27 21:07:14,19.6833,72.75,83.77,60,49,1.45
231,Ndele,CF,2022-04-27 21:07:14,8.4109,20.6473,75.99,76,84,4.05
232,Puerto Leguizamo,CO,2022-04-27 21:07:15,-0.1934,-74.7819,81.88,81,93,2.48
233,Erenhot,CN,2022-04-27 21:05:24,43.6475,111.9767,39.49,30,6,6.44
234,Cartagena,CO,2022-04-27 21:07:15,10.3997,-75.5144,89.22,62,75,13.8
235,Ambon,ID,2022-04-27 21:07:16,-3.6954,128.1814,75.34,94,40,4.61
236,Nachalovo,RU,2022-04-27 21:07:16,46.338,48.2013,53.53,94,0,4.47
237,San Patricio,US,2022-04-27 21:07:16,28.017,-97.5169,84.29,57,72,14.29
238,Synya,RU,2022-04-27 21:07:17,65.3718,58.0387,25.18,66,100,4.92
239,Mayfield,US,2022-04-27 21:07:17,36.7417,-88.6367,71.91,31,0,5.75
240,Bonoua,CI,2022-04-27 21:07:18,5.2741,-3.595,83.82,85,66,8.1
241,Tuy Hoa,VN,2022-04-27 21:03:55,13.0833,109.3,76.71,93,100,2.26
242,Pierre,US,2022-04-27 21:07:18,44.3683,-100.351,61.72,36,0,20.0
243,Ilulissat,GL,2022-04-27 21:07:19,69.2167,-51.1,42.82,56,75,13.8
244,Dosso,NE,2022-04-27 21:07:19,13.049,3.1937,92.3,13,26,7.45
245,Silvassa,IN,2022-04-27 21:07:20,20.2667,73.0167,84.29,49,31,3.15
246,Luba,GQ,2022-04-27 21:07:20,3.4568,8.5547,77.54,87,97,6.71
247,Meihekou,CN,2022-04-27 21:07:20,42.5272,125.6753,42.04,29,100,1.81
248,Provideniya,RU,2022-04-27 21:07:21,64.3833,-173.3,26.71,80,0,6.71
249,Ust-Abakan,RU,2022-04-27 21:07:21,53.8525,91.3742,31.91,74,34,0.0
250,Arlit,NE,2022-04-27 21:07:21,18.7369,7.3853,84.87,14,4,9.53
251,Itinga,BR,2022-04-27 21:07:22,-16.6131,-41.7653,76.1,74,92,5.3
252,Bahia Blanca,AR,2022-04-27 21:04:01,-38.7196,-62.2724,58.66,42,28,19.64
253,Mazyr,BY,2022-04-27 21:07:23,52.0495,29.2456,41.16,72,11,5.75
254,Penhold,CA,2022-04-27 21:07:23,52.1334,-113.8687,53.65,35,40,19.57
255,Chokurdakh,RU,2022-04-27 21:07:23,70.6333,147.9167,12.29,95,99,7.65
256,Ossora,RU,2022-04-27 21:07:24,59.2353,163.0719,33.04,99,100,12.17
257,Asau,RO,2022-04-27 21:07:24,46.4333,26.4,52.29,100,100,2.66
258,Palmer,US,2022-04-27 21:07:24,42.1584,-72.3287,53.85,38,40,26.46
259,A Coruna,ES,2022-04-27 21:07:25,43.3713,-8.396,56.89,87,20,4.61
260,Uribia,CO,2022-04-27 21:07:25,11.7139,-72.266,85.64,56,100,16.53
261,Surt,LY,2022-04-27 21:07:26,31.2089,16.5887,67.1,63,0,27.4
262,Marystown,CA,2022-04-27 21:07:26,47.1666,-55.1483,42.98,77,74,4.0
263,Katsuura,JP,2022-04-27 21:07:26,35.1333,140.3,59.68,59,100,25.32
264,Narsaq,GL,2022-04-27 21:03:15,60.9167,-46.05,50.22,88,100,2.82
265,Byron Bay,AU,2022-04-27 21:07:27,-28.65,153.6167,60.94,85,58,6.71
266,Bubaque,GW,2022-04-27 21:07:27,11.2833,-15.8333,77.94,79,2,14.65
267,Alta Floresta,BR,2022-04-27 21:07:28,-9.8756,-56.0861,78.78,79,75,2.86
268,Paungde,MM,2022-04-27 21:07:28,18.4833,95.5,85.5,64,42,4.38
269,Mount Isa,AU,2022-04-27 21:07:28,-20.7333,139.5,67.77,100,40,0.0
270,Varadero,CU,2022-04-27 21:07:29,23.1536,-81.2514,81.36,63,99,18.88
271,Port Hardy,CA,2022-04-27 21:07:29,50.6996,-127.4199,46.58,71,75,8.05
272,Nouakchott,MR,2022-04-27 21:08:29,18.0858,-15.9785,71.53,64,1,19.8
273,San Cristobal,VE,2022-04-27 21:08:30,7.7669,-72.225,77.18,78,100,4.5
274,Gayny,RU,2022-04-27 21:08:30,60.3071,54.3241,37.62,98,99,2.73
275,Bethel,US,2022-04-27 21:08:31,41.3712,-73.414,52.48,48,100,17.27
276,Itoman,JP,2022-04-27 21:08:31,26.1247,127.6694,77.02,96,75,9.22
277,Avera,US,2022-04-27 21:06:40,33.194,-82.5271,77.56,26,0,7.36
278,Breytovo,RU,2022-04-27 21:08:31,58.2993,37.8617,28.17,84,11,6.04
279,Mugumu,TZ,2022-04-27 21:08:32,-1.85,34.7,60.69,98,100,3.38
280,Canguaretama,BR,2022-04-27 21:08:32,-6.38,-35.1289,79.0,81,100,8.9
281,Mayo,US,2022-04-27 21:08:32,38.8876,-76.5119,61.39,40,100,12.66
282,Bukama,CD,2022-04-27 21:08:33,-9.2,25.85,68.31,95,64,2.3
283,Souillac,MU,2022-04-27 21:08:33,-20.5167,57.5167,74.41,83,7,4.32
284,Priiskovyy,RU,2022-04-27 21:08:34,51.9333,116.6333,34.0,31,100,6.35
285,Grindavik,IS,2022-04-27 21:08:34,63.8424,-22.4338,45.07,81,75,6.91
286,Buchanan,LR,2022-04-27 21:08:34,5.8808,-10.0467,80.69,82,24,6.85
287,Geraldton,AU,2022-04-27 21:08:35,-28.7667,114.6,57.61,94,40,10.36
288,Ponta Delgada,PT,2022-04-27 21:08:35,37.7333,-25.6667,63.32,94,75,14.97
289,Kahului,US,2022-04-27 21:08:35,20.8947,-156.47,84.22,68,0,16.11
290,Sitka,US,2022-04-27 21:05:52,57.0531,-135.33,48.09,66,75,8.05
291,Prince Albert,CA,2022-04-27 21:08:36,53.2001,-105.7677,50.88,49,62,17.69
292,Nha Trang,VN,2022-04-27 21:08:36,12.25,109.1833,78.8,94,92,3.94
293,Dunedin,NZ,2022-04-27 21:08:37,-45.8742,170.5036,53.8,70,0,1.99
294,Alugan,PH,2022-04-27 21:08:37,12.2188,125.4808,80.37,84,82,9.78
295,Santiago Del Estero,AR,2022-04-27 21:08:37,-27.7951,-64.2615,69.44,40,100,7.65
296,Rio Muerto,MX,2022-04-27 21:08:38,27.4167,-110.2333,91.92,18,0,15.35
297,Puerto Baquerizo Moreno,EC,2022-04-27 21:08:38,-0.9,-89.6,79.79,69,20,6.91
298,Yumen,CN,2022-04-27 21:08:38,40.2833,97.2,47.86,45,100,4.83
299,Oistins,BB,2022-04-27 21:07:56,13.0667,-59.5333,77.09,94,75,14.97
300,Dudinka,RU,2022-04-27 21:08:39,69.4058,86.1778,31.62,97,100,22.41
301,Zabol,AF,2022-04-27 21:08:39,32.25,67.25,68.72,16,57,9.82
302,San Jose,US,2022-04-27 21:05:53,37.3394,-121.895,72.45,43,100,18.41
303,Tupa,BR,2022-04-27 21:08:40,-21.9347,-50.5136,77.25,60,27,6.55
304,Bathsheba,BB,2022-04-27 21:08:40,13.2167,-59.5167,77.61,94,75,14.97
305,Platteville,US,2022-04-27 21:08:40,42.7342,-90.4785,48.43,49,75,12.66
306,Rockingham,US,2022-04-27 21:08:41,42.9668,-71.0995,52.11,62,89,4.0
307,Tuhian,PH,2022-04-27 21:08:41,13.6456,122.2194,76.77,92,96,4.23
308,Cayenne,GF,2022-04-27 21:08:41,4.9333,-52.3333,83.08,1,40,1.99
309,Muyezerskiy,RU,2022-04-27 21:08:42,63.9333,31.65,19.65,90,98,3.98
310,Guadalupe,MX,2022-04-27 21:08:42,25.6833,-100.25,81.16,44,75,10.36
311,Oktyabrskoye,RU,2022-04-27 21:08:43,43.0645,44.7417,53.74,81,100,4.47
312,Neuquen,AR,2022-04-27 21:06:54,-38.9516,-68.0591,55.29,30,0,13.8
313,Yuncheng,CN,2022-04-27 21:08:43,35.0231,110.9928,53.1,95,100,7.81
314,San Quintin,MX,2022-04-27 21:08:44,30.4833,-115.95,65.25,65,0,15.93
315,Atar,MR,2022-04-27 21:08:44,20.5169,-13.0499,78.93,15,0,9.8
316,Bosaso,SO,2022-04-27 21:08:44,11.2842,49.1816,82.45,71,0,1.34
317,Najran,SA,2022-04-27 21:08:45,17.4924,44.1277,76.39,29,10,2.3
318,Tual,ID,2022-04-27 21:08:45,-5.6667,132.75,84.38,75,100,12.53
319,Rio Gallegos,AR,2022-04-27 21:06:04,-51.6226,-69.2181,41.05,60,20,17.27
320,Yaring,TH,2022-04-27 21:09:46,6.8662,101.3689,78.39,89,52,5.1
321,Victoria,HK,2022-04-27 21:06:04,22.2855,114.1577,83.32,85,42,8.01
322,Kihei,US,2022-04-27 21:09:46,20.785,-156.4656,84.22,71,0,16.11
323,Bengkulu,ID,2022-04-27 21:09:46,-3.8004,102.2655,76.19,90,99,4.14
324,Baruun-Urt,MN,2022-04-27 21:09:47,46.6806,113.2792,36.68,23,98,7.78
325,Sydney,AU,2022-04-27 21:06:26,-33.8679,151.2073,63.7,92,75,5.75
326,Hay River,CA,2022-04-27 21:09:47,60.8156,-115.7999,38.07,87,100,9.26
327,Kloulklubed,PW,2022-04-27 21:09:48,7.0419,134.2556,82.56,79,100,18.59
328,Mount Pleasant,US,2022-04-27 21:05:36,32.7941,-79.8626,79.0,47,0,5.75
329,Honningsvag,NO,2022-04-27 21:09:48,70.9821,25.9704,26.35,59,40,27.63
330,Ankang,CN,2022-04-27 21:09:49,32.68,109.0172,56.1,91,100,4.54
331,Ulaangom,MN,2022-04-27 21:09:49,49.9811,92.0667,39.45,47,43,5.23
332,Sarangani,PH,2022-04-27 21:09:49,5.4033,125.4636,80.94,80,99,14.92
333,Airai,TL,2022-04-27 21:09:50,-8.9266,125.4092,59.13,93,18,1.81
334,Tura,IN,2022-04-27 21:09:50,25.5198,90.2201,70.92,83,0,1.61
335,Karratha,AU,2022-04-27 21:09:51,-20.7377,116.8463,77.94,52,99,8.86
336,Ukiah,US,2022-04-27 21:07:40,39.1502,-123.2078,70.43,42,0,13.8
337,Voi,KE,2022-04-27 21:09:51,-3.3945,38.563,71.76,88,71,6.42
338,Vostok,RU,2022-04-27 21:09:52,46.4856,135.8833,29.14,80,6,6.04
339,Leshukonskoye,RU,2022-04-27 21:09:52,64.8989,45.7622,13.73,95,12,3.94
340,Oussouye,SN,2022-04-27 21:09:53,12.485,-16.5469,74.05,70,30,8.93
341,Tessalit,ML,2022-04-27 21:09:53,20.1986,1.0114,79.56,12,0,8.61
342,West Wendover,US,2022-04-27 21:09:14,40.7391,-114.0733,69.01,26,20,10.36
343,Singleton,AU,2022-04-27 21:09:53,-32.5667,151.1833,63.99,90,83,1.34
344,Green River,US,2022-04-27 21:09:45,41.5286,-109.4662,66.6,32,78,5.99
345,Madaoua,NE,2022-04-27 21:08:12,14.073,5.96,90.1,12,11,7.78
346,Bosilovo,MK,2022-04-27 21:09:54,41.4406,22.7278,58.3,83,3,4.21
347,Monrovia,LR,2022-04-27 21:09:03,6.3005,-10.7969,80.89,83,90,7.47
348,Dingle,PH,2022-04-27 21:09:55,10.9995,122.6711,76.98,91,92,6.31
349,Lovozero,RU,2022-04-27 21:09:55,68.005,35.0117,22.01,89,99,9.26
350,Praia Da Vitoria,PT,2022-04-27 21:09:55,38.7333,-27.0667,63.75,95,95,24.87
351,Uray,RU,2022-04-27 21:09:56,60.1247,64.7758,44.92,97,86,3.18
352,Cartagena Del Chaira,CO,2022-04-27 21:09:56,1.3349,-74.8429,80.94,75,100,2.24
353,Miraflores,MX,2022-04-27 21:09:56,19.2167,-98.8083,74.16,39,54,3.31
354,Bismil,TR,2022-04-27 21:09:57,37.8486,40.6658,65.93,85,100,2.86
355,Lata,PT,2022-04-27 21:09:57,40.1629,-8.3327,57.81,97,90,2.35
356,Casablanca,MA,2022-04-27 21:09:58,33.5928,-7.6192,61.02,78,40,9.13
357,College,US,2022-04-27 21:09:58,64.8569,-147.8028,51.78,38,40,3.44
358,Walvis Bay,NA,2022-04-27 21:09:58,-22.9575,14.5053,62.1,49,1,12.57
359,La Ronge,CA,2022-04-27 21:09:59,55.1001,-105.2842,40.98,64,97,14.54
360,Vestmannaeyjar,IS,2022-04-27 21:09:59,63.4427,-20.2734,46.31,78,73,1.86
361,Truth Or Consequences,US,2022-04-27 21:06:25,33.1284,-107.2528,86.92,10,0,18.41
362,Carahue,CL,2022-04-27 21:09:59,-38.7,-73.1667,49.5,72,6,6.55
363,Labytnangi,RU,2022-04-27 21:11:00,66.6572,66.4183,12.16,90,16,5.91
364,Ostrovnoy,RU,2022-04-27 21:11:00,68.0531,39.5131,19.31,76,80,26.93
365,Manoel Urbano,BR,2022-04-27 21:11:01,-8.8389,-69.2597,85.28,69,100,1.72
366,Mount Gambier,AU,2022-04-27 21:11:01,-37.8333,140.7667,58.91,94,100,5.75
367,Codrington,AU,2022-04-27 21:11:01,-38.2667,141.9667,61.65,85,100,7.52
368,Tuatapere,NZ,2022-04-27 21:11:02,-46.1333,167.6833,46.99,88,46,3.2
369,Korla,CN,2022-04-27 21:11:02,41.7597,86.1469,53.8,63,100,19.48
370,Amarante Do Maranhao,BR,2022-04-27 21:11:03,-5.5667,-46.7422,77.5,79,66,4.03
371,Arvika,SE,2022-04-27 21:11:03,59.6553,12.5852,32.61,61,71,2.48
372,Orlik,RU,2022-04-27 21:11:03,52.5178,99.825,26.91,93,100,2.48
373,Puerto Maldonado,PE,2022-04-27 21:11:04,-12.6,-69.1833,83.73,70,100,2.39
374,Vao,NC,2022-04-27 21:11:04,-22.6667,167.4833,74.3,72,100,19.57
375,Coquimbo,CL,2022-04-27 21:11:04,-29.9533,-71.3436,64.13,72,0,14.97
376,Port Hedland,AU,2022-04-27 21:11:05,-20.3167,118.5667,77.05,78,40,4.61
377,Mitsamiouli,KM,2022-04-27 21:11:05,-11.3847,43.2844,80.94,78,64,12.86
378,Uruzgan,AF,2022-04-27 21:10:16,32.8333,66.0,70.0,20,94,2.33
379,Wageningen,NL,2022-04-27 21:11:06,51.9667,5.6667,49.03,80,11,4.61
380,Vanimo,PG,2022-04-27 21:11:06,-2.6741,141.3028,77.99,87,100,4.76
381,Armenia,AM,2022-04-27 21:11:07,40.0,45.0,49.86,73,85,6.62
382,Garden City,US,2022-04-27 21:11:07,42.3256,-83.331,45.9,52,20,9.22
383,Gangarampur,IN,2022-04-27 21:11:07,25.4,88.5167,78.6,65,0,8.59
384,Concepcion,CL,2022-04-27 21:09:04,-36.827,-73.0498,57.0,77,75,10.36
385,Svetlogorsk,BY,2022-04-27 21:11:08,52.6333,29.7333,39.27,73,12,6.31
386,Nantucket,US,2022-04-27 21:11:08,41.2835,-70.0995,57.34,56,40,21.85
387,Agadez,NE,2022-04-27 21:11:08,19.75,10.25,86.04,12,0,13.33
388,Gohpur,IN,2022-04-27 21:11:09,26.8833,93.6333,73.29,79,99,1.74
389,Burpengary,AU,2022-04-27 21:11:09,-27.1575,152.9576,67.32,92,58,3.6
390,Micheweni,TZ,2022-04-27 21:11:10,-4.9667,39.8333,80.35,81,88,10.45
391,Nelson Bay,AU,2022-04-27 21:11:10,-32.7167,152.15,67.08,92,55,10.69
392,Sao Gabriel Da Cachoeira,BR,2022-04-27 21:11:11,-0.1303,-67.0892,77.88,88,96,2.06
393,Decatur,US,2022-04-27 21:06:39,39.8403,-88.9548,69.87,28,0,12.66
394,Nandikotkur,IN,2022-04-27 21:11:11,15.8667,78.2667,87.44,37,7,7.65
395,Ugoofaaru,MV,2022-04-27 21:11:11,5.6667,73.0,83.98,72,99,2.55
396,Wakkanai,JP,2022-04-27 21:11:12,45.4094,141.6739,40.84,66,1,28.79
397,Aklavik,CA,2022-04-27 21:11:12,68.2191,-135.0107,20.5,84,100,10.42
398,Novoagansk,RU,2022-04-27 21:11:13,61.9449,76.6625,41.54,100,100,8.99
399,Asyut,EG,2022-04-27 21:11:13,27.181,31.1837,79.95,16,0,9.26
400,Rafraf,TN,2022-04-27 21:11:13,37.1904,10.1837,64.71,74,99,11.12
401,Beba,CU,2022-04-27 21:11:14,22.4437,-79.7253,84.47,50,53,16.33
402,Tilichiki,RU,2022-04-27 21:11:14,60.4667,166.1,31.96,97,100,5.73
403,Udachnyy,RU,2022-04-27 21:11:15,66.4167,112.4,7.75,96,100,4.07
404,Batagay-Alyta,RU,2022-04-27 21:11:15,67.8006,130.4114,8.17,92,100,3.6
405,San Pedro,PH,2022-04-27 21:11:15,14.35,121.0167,80.26,89,98,8.46
406,Rosario,AR,2022-04-27 21:11:16,-32.9468,-60.6393,68.95,48,0,6.91
407,Moa,CU,2022-04-27 21:11:16,20.6569,-74.9403,79.07,64,25,10.89
408,Paraiso,CR,2022-04-27 21:11:17,9.8383,-83.8656,71.51,93,100,3.18
409,Verkhoyansk,RU,2022-04-27 21:11:17,67.5447,133.385,12.38,91,100,3.49
410,Gopalpur,IN,2022-04-27 21:11:17,19.2667,84.9167,79.79,82,6,16.17
411,Paracuru,BR,2022-04-27 21:12:18,-3.41,-39.0306,83.1,82,100,7.25
412,Juneau,US,2022-04-27 21:12:18,58.3019,-134.4197,42.8,94,100,4.61
413,Panama City,PA,2022-04-27 21:11:41,8.9936,-79.5197,78.44,89,75,8.05
414,Otane,NZ,2022-04-27 21:12:19,-39.8833,176.6333,54.01,81,25,2.17
415,Bakel,SN,2022-04-27 21:12:19,14.905,-12.4568,92.98,16,0,6.42
416,Pangkalanbuun,ID,2022-04-27 21:12:20,-2.6833,111.6167,74.8,96,91,1.52
417,Fort Nelson,CA,2022-04-27 21:12:20,58.8053,-122.7002,34.66,97,100,9.82
418,Evanston,US,2022-04-27 21:07:52,42.0411,-87.6901,41.72,68,100,14.97
419,Natchitoches,US,2022-04-27 21:12:21,31.7668,-93.1335,79.65,33,0,4.61
420,Pochutla,MX,2022-04-27 21:12:22,15.7432,-96.4661,92.82,50,10,10.22
421,Dalvik,IS,2022-04-27 21:12:22,65.9702,-18.5286,39.96,89,100,1.36
422,Maniitsoq,GL,2022-04-27 21:12:23,65.4167,-52.9,32.4,99,100,25.86
423,Casa Branca,BR,2022-04-27 21:12:23,-21.7739,-47.0864,74.73,62,78,8.99
424,Gold Coast,AU,2022-04-27 21:11:34,-28.0,153.4333,68.18,97,40,0.0
425,Algeciras,ES,2022-04-27 21:12:24,36.1333,-5.4505,62.28,77,20,2.3
426,Diffa,NE,2022-04-27 21:08:22,13.3154,12.6113,92.07,14,51,9.4
427,Litovko,RU,2022-04-27 21:12:24,49.2361,135.1742,32.7,77,4,8.68
428,Roebourne,AU,2022-04-27 21:12:24,-20.7833,117.1333,77.29,55,97,7.43
429,Bud,US,2022-04-27 21:12:25,39.447,-86.1758,65.48,46,8,8.25
430,Saint-Joseph,RE,2022-04-27 21:12:25,-21.3667,55.6167,71.98,79,33,1.7
431,Delijan,IR,2022-04-27 21:12:25,33.9905,50.6838,61.34,47,60,4.07
432,Mayahi,NE,2022-04-27 21:12:26,13.9553,7.6712,93.65,11,72,4.7
433,Hatillo,PR,2022-04-27 21:12:26,18.4863,-66.8254,82.08,63,27,8.99
434,Dicabisagan,PH,2022-04-27 21:12:27,17.0818,122.4157,78.15,88,19,1.01
435,Charters Towers,AU,2022-04-27 21:12:27,-20.1,146.2667,67.71,89,6,7.09
436,Doka,SD,2022-04-27 21:12:27,13.5167,35.7667,90.97,9,13,13.44
437,Namibe,AO,2022-04-27 21:12:28,-15.1961,12.1522,71.74,80,0,3.96
438,Channel-Port Aux Basques,CA,2022-04-27 21:09:03,47.5702,-59.1367,37.8,93,100,11.52
439,Pingliang,CN,2022-04-27 21:12:28,35.5392,106.6861,44.44,79,100,5.26
440,Puerto Escondido,MX,2022-04-27 21:12:29,15.85,-97.0667,86.83,70,40,9.22
441,Warkworth,NZ,2022-04-27 21:12:29,-36.4,174.6667,62.44,79,92,15.17
442,Elbistan,TR,2022-04-27 21:12:29,38.2059,37.1983,59.43,38,75,2.17
443,Lamu,KE,2022-04-27 21:12:30,-2.2717,40.902,84.42,82,100,9.98
444,Kaisiadorys,LT,2022-04-27 21:12:30,54.8667,24.45,39.09,67,32,5.3
445,Matara,LK,2022-04-27 21:12:30,5.9485,80.5353,79.3,86,22,2.82
446,Wahpeton,US,2022-04-27 21:12:31,46.2652,-96.6059,50.72,46,0,16.11
447,Pangody,RU,2022-04-27 21:12:31,65.85,74.4859,19.8,89,98,7.14
448,Bardiyah,LY,2022-04-27 21:12:31,31.7561,25.0865,65.43,63,0,4.5
449,Sioux Lookout,CA,2022-04-27 21:12:32,50.1001,-91.917,37.11,79,19,3.56
450,Kapoeta,SS,2022-04-27 21:12:32,4.7717,33.5903,79.12,65,100,2.21
451,Oktyabrskiy,RU,2022-04-27 21:12:33,54.4815,53.471,57.25,90,100,24.61
452,Constitucion,CL,2022-04-27 21:12:33,-35.3333,-72.4167,56.34,75,79,7.7
453,Jian,CN,2022-04-27 21:12:33,27.1172,114.9793,71.4,96,84,3.83
454,Launceston,AU,2022-04-27 21:12:34,-41.45,147.1667,60.8,97,75,5.75
455,Marabba,SD,2022-04-27 21:12:34,12.35,32.1833,92.75,9,90,9.75
456,Whitehorse,CA,2022-04-27 21:10:06,60.7161,-135.0538,45.01,83,75,12.66
457,Nikolskoye,RU,2022-04-27 21:12:35,59.7035,30.7861,32.81,78,39,3.87
458,Lisburn,GB,2022-04-27 21:12:35,54.5234,-6.0353,45.84,75,10,5.75
459,Huarmey,PE,2022-04-27 21:13:35,-10.0681,-78.1522,70.97,77,25,9.01
460,Baykit,RU,2022-04-27 21:13:36,61.67,96.37,25.14,94,100,1.92
461,Landeck,AT,2022-04-27 21:13:36,47.1301,10.5636,41.61,85,7,3.89
462,Cordoba,AR,2022-04-27 21:12:17,-31.4135,-64.1811,69.76,19,0,5.75
463,Plouzane,FR,2022-04-27 21:13:36,48.3833,-4.6167,51.85,82,0,16.11
464,Lixourion,GR,2022-04-27 21:13:37,38.2019,20.4314,61.56,72,1,4.32
465,Lorengau,PG,2022-04-27 21:13:37,-2.0226,147.2712,81.25,83,89,9.82
466,Callaway,US,2022-04-27 21:13:37,30.153,-85.5699,82.99,51,0,13.8
467,Skeldon,GY,2022-04-27 21:13:38,5.8833,-57.1333,79.81,84,100,4.88
468,Mitu,CO,2022-04-27 21:13:38,1.1983,-70.1733,83.44,71,55,2.13
469,Culebra,PR,2022-04-27 21:13:39,18.303,-65.301,80.64,61,57,8.01
470,Polysayevo,RU,2022-04-27 21:13:39,54.6012,86.2459,45.01,58,13,5.28
471,Umm Kaddadah,SD,2022-04-27 21:13:40,13.6017,26.6876,87.04,9,1,12.01
472,Lompoc,US,2022-04-27 21:13:40,34.6391,-120.4579,72.7,62,0,28.01
473,High Rock,BS,2022-04-27 21:13:40,26.6208,-78.2833,82.42,68,84,4.16
474,Auki,SB,2022-04-27 21:13:41,-8.7676,160.7034,79.92,80,70,2.75
475,Hayden,US,2022-04-27 21:12:10,47.766,-116.7866,51.15,58,20,10.36
476,Ushtobe,KZ,2022-04-27 21:13:41,45.2514,77.9838,51.73,31,0,3.76
477,Port-Cartier,CA,2022-04-27 21:13:41,50.0334,-66.8654,39.54,92,100,7.9
478,Haines Junction,CA,2022-04-27 21:13:42,60.7522,-137.5108,45.55,62,88,3.38
479,Yatou,CN,2022-04-27 21:13:42,37.15,122.3833,46.78,53,13,6.44
480,Bartica,GY,2022-04-27 21:13:43,6.4,-58.6167,86.32,91,67,2.57
481,Riyadh,SA,2022-04-27 21:12:58,24.6877,46.7219,84.34,20,78,8.75
482,Taltal,CL,2022-04-27 21:13:43,-25.4,-70.4833,68.04,65,21,5.91
483,Puri,IN,2022-04-27 21:13:43,19.8,85.85,82.92,89,5,16.73
484,Guanambi,BR,2022-04-27 21:13:44,-14.2233,-42.7814,78.44,57,67,10.98
485,Grong,NO,2022-04-27 21:13:44,64.4654,12.3149,34.88,98,100,4.23
486,Monze,ZM,2022-04-27 21:13:45,-16.2833,27.4833,61.57,86,4,4.85
487,George,ZA,2022-04-27 21:13:45,-33.963,22.4617,60.42,54,5,2.53
488,Atambua,ID,2022-04-27 21:13:45,-9.1061,124.8925,71.85,89,50,2.57
489,Salto,UY,2022-04-27 21:10:18,-31.3833,-57.9667,67.87,68,40,15.99
490,Nabire,ID,2022-04-27 21:13:46,-3.3667,135.4833,75.18,91,88,3.42
491,Chunhuhub,MX,2022-04-27 21:13:46,19.55,-88.6833,85.1,58,93,5.57
492,Luderitz,NA,2022-04-27 21:13:47,-26.6481,15.1594,64.94,53,0,6.13
493,Pangnirtung,CA,2022-04-27 21:11:21,66.1451,-65.7125,11.26,76,78,5.01
494,Tucuman,AR,2022-04-27 21:09:23,-26.8241,-65.2226,64.4,59,100,5.75
495,Acapulco,MX,2022-04-27 21:09:04,16.8634,-99.8901,85.82,70,0,9.22
496,Anaconda,US,2022-04-27 21:13:47,46.1285,-112.9423,36.59,45,100,4.14
497,Wilmington,US,2022-04-27 21:11:33,34.2257,-77.9447,73.31,32,0,11.5
498,Juba,SS,2022-04-27 21:13:48,4.8517,31.5825,74.39,86,97,6.24
499,Tazovskiy,RU,2022-04-27 21:13:48,67.4667,78.7,21.02,93,88,10.87
500,Banda Aceh,ID,2022-04-27 21:13:49,5.5577,95.3222,80.24,83,62,4.74
501,Fukue,JP,2022-04-27 21:13:49,32.6881,128.8419,62.22,75,88,22.88
502,Bilibino,RU,2022-04-27 21:13:49,68.0546,166.4372,27.93,87,100,3.4
503,Husavik,IS,2022-04-27 21:13:50,66.0449,-17.3389,38.25,85,97,1.61
504,Inongo,CD,2022-04-27 21:14:50,-1.95,18.2667,72.19,94,58,3.6
505,Ochakiv,UA,2022-04-27 21:14:51,46.6128,31.5498,57.16,61,61,8.93
506,Mbamba,NG,2022-04-27 21:14:51,9.9833,13.1,79.41,58,100,5.57
507,Kolondieba,ML,2022-04-27 21:14:51,11.0882,-6.8926,92.12,29,91,4.56
508,Gigmoto,PH,2022-04-27 21:14:52,13.7796,124.39,80.42,86,89,9.71
509,Skjervoy,NO,2022-04-27 21:14:52,70.0311,20.9714,28.4,60,100,25.72
510,Sur,OM,2022-04-27 21:14:53,22.5667,59.5289,88.27,41,0,9.37
511,Makubetsu,JP,2022-04-27 21:14:53,45.3714,141.8211,40.17,64,1,25.61
512,Aksu,CN,2022-04-27 21:14:53,41.1231,80.2644,57.61,42,92,5.14
513,Beringovskiy,RU,2022-04-27 21:14:54,63.05,179.3167,31.89,99,100,5.59
514,Champerico,GT,2022-04-27 21:14:54,14.3,-91.9167,87.46,61,11,11.56
515,Tornio,FI,2022-04-27 21:14:54,65.8481,24.1466,30.22,82,58,6.69
516,Fairview,US,2022-04-27 21:14:55,40.8126,-73.999,53.35,37,0,23.02
517,Esso,RU,2022-04-27 21:14:55,55.9333,158.7,25.41,94,100,8.63
518,Constantine,DZ,2022-04-27 21:14:55,36.365,6.6147,62.01,72,75,4.61
519,Akom,CM,2022-04-27 21:14:56,2.6678,12.7109,67.78,98,92,1.52
520,Rovaniemi,FI,2022-04-27 21:14:56,66.5,25.7167,27.81,74,0,9.22
521,Bakaly,RU,2022-04-27 21:14:57,55.1789,53.8028,56.73,89,100,17.67
522,Arroyo,ES,2022-04-27 21:14:57,41.6096,-4.7969,53.64,81,75,5.75
523,Vangaindrano,MG,2022-04-27 21:14:57,-23.35,47.6,72.07,70,99,17.16
524,Rivadavia,AR,2022-04-27 21:14:58,-33.1905,-68.4608,66.96,19,0,7.74
525,Leh,IN,2022-04-27 21:14:58,34.1667,77.5833,42.96,47,1,5.06
526,Plettenberg Bay,ZA,2022-04-27 21:14:59,-34.0527,23.3716,60.87,50,5,4.79
527,Prince Rupert,CA,2022-04-27 21:14:59,54.3161,-130.3201,48.29,71,100,5.75
528,Peleduy,RU,2022-04-27 21:14:59,59.6289,112.7406,23.11,92,24,5.61
529,Asfi,MA,2022-04-27 21:15:00,32.2994,-9.2372,61.27,76,0,20.78
530,Tianpeng,CN,2022-04-27 21:15:00,30.9866,103.9393,61.05,93,100,1.34
531,Thinadhoo,MV,2022-04-27 21:15:01,0.5333,72.9333,83.64,73,72,6.49
532,Nemuro,JP,2022-04-27 21:15:01,43.3236,145.575,41.58,58,0,17.52
533,Anloga,GH,2022-04-27 21:15:01,5.7947,0.8973,82.42,82,98,14.61
534,Sarmanovo,RU,2022-04-27 21:15:02,55.2553,52.5891,56.08,87,100,13.91
535,Peace River,CA,2022-04-27 21:15:02,56.2501,-117.286,40.5,96,100,3.56
536,Payakumbuh,ID,2022-04-27 21:15:03,-0.2202,100.6308,71.19,98,97,3.04
537,Eldorado,BR,2022-04-27 21:15:03,-23.7869,-54.2836,76.93,77,3,6.78
538,Los Llanos De Aridane,ES,2022-04-27 21:15:04,28.6585,-17.9182,60.55,81,0,11.5
539,Birao,CF,2022-04-27 21:15:04,10.2849,22.7882,82.35,51,63,1.77
540,Aripuana,BR,2022-04-27 21:15:05,-9.1667,-60.6333,83.23,66,90,1.79
541,Debno,PL,2022-04-27 21:15:05,52.739,14.698,49.78,77,57,6.51
542,Darhan,MN,2022-04-27 21:15:06,49.4867,105.9228,38.23,53,100,13.51
543,Makuyuni,TZ,2022-04-27 21:15:06,-4.7333,38.1,70.14,97,32,4.61
544,Nishihara,JP,2022-04-27 21:15:06,26.1842,127.7558,76.28,97,75,9.22
545,Yar-Sale,RU,2022-04-27 21:15:07,66.8333,70.8333,9.23,90,13,4.85
546,Black Diamond,US,2022-04-27 21:15:07,47.3087,-122.0032,56.46,63,98,5.01
547,Iquique,CL,2022-04-27 21:15:08,-20.2208,-70.1431,64.44,74,73,9.19
548,Darnah,LY,2022-04-27 21:15:08,32.767,22.6367,62.94,63,5,1.81
549,Vershino-Darasunskiy,RU,2022-04-27 21:15:09,52.35,115.5167,33.37,24,100,9.28
550,Lisakovsk,KZ,2022-04-27 21:15:09,52.5369,62.4936,60.04,47,100,11.99
551,Salinas,US,2022-04-27 21:13:57,36.6777,-121.6555,67.48,57,0,14.97
552,Boden,SE,2022-04-27 21:16:10,65.8252,21.6886,30.2,81,35,5.32
553,Abbeville,FR,2022-04-27 21:16:10,50.1,1.8333,47.5,83,19,12.17
554,Turkistan,KZ,2022-04-27 21:16:10,43.0,68.0,63.32,29,50,25.17
555,Waipawa,NZ,2022-04-27 21:16:11,-41.4122,175.5153,52.16,72,81,2.64
556,Ustye,RU,2022-04-27 21:16:11,59.6304,39.736,26.08,82,44,6.64
557,Marawi,PH,2022-04-27 21:16:12,7.9986,124.2928,69.75,91,100,1.74
558,Omboue,GA,2022-04-27 21:16:12,-1.5746,9.2618,76.87,88,100,2.75
